,highest_education,studied_credits,region,num_of_prev_attempts,avg_score,gender,nn_prob,recommend_intervene_nn
1000001,2.0,60.0,5.0,0.0,85.0,1.0,0.27095369,0
1000002,1.0,60.0,3.0,1.0,66.0,0.0,0.5724673,1
1000003,0.0,120.0,0.0,3.0,45.0,1.0,0.93519455,1
1000004,3.0,240.0,8.0,0.0,70.0,0.0,0.7268437,1
1000005,1.0,60.0,6.0,0.0,75.0,1.0,0.92797446,1
