{
  "smape": 113.72098128486408,
  "f1": 0.7491222108959112,
  "accuracy": 0.7311566937735162,
  "precision": 0.7737482452035563,
  "recall": 0.7260153677277716,
  "roc_auc": 0.8083793089885831
}

